SAMSUNG G900 Galaxy S5 Shimmery White;20140404-630.00-808.17-23;20140410-630.00-808.17-25;20140411-630.00-808.17-26;20140414-629.90-808.17-29;20140416-628.48-808.17-31;20140418-589.00-808.17-33;20140421-599.00-808.17-34;20140423-589.00-808.17-35;20140424-599.00-808.17-36;20140425-599.00-987.95-36;20140426-585.00-808.17-34;20140427-585.00-808.17-32;20140428-575.00-808.17-31;20140430-560.00-987.95-33;20140501-560.00-808.17-35;20140502-560.00-808.17-34;20140503-560.00-808.17-34;20140504-560.00-808.17-34;20140505-555.00-808.17-34;20140506-551.00-808.17-35;20140507-551.00-808.17-37;20140508-538.99-808.17-40;20140509-535.00-707.15-40;20140510-533.00-707.15-41;20140512-550.00-707.15-38;20140515-539.00-707.15-38;20140520-535.00-707.15-40;20140523-529.00-707.15-40;20140524-529.00-757.42-42;20140526-549.90-757.42-39;20140527-551.00-757.42-40;20140528-529.00-757.42-43;20140529-519.00-757.42-43;20140602-509.00-757.42-44;20140607-509.00-757.42-45;20140609-509.00-757.42-45;20140610-551.00-757.42-43;20140612-549.90-757.42-44;20140613-509.00-757.42-46;20140614-488.00-757.42-47;20140620-488.00-757.42-46;20140622-488.00-757.42-46;20140623-488.00-757.42-47;20140624-488.00-757.42-46;20140628-488.00-757.42-48;20140701-480.00-757.42-48;20140702-480.00-757.42-48;20140708-480.00-757.42-50;20140715-480.00-757.42-49;20140719-480.00-757.42-48;20140720-480.00-757.42-47;20140721-480.00-757.42-49;20140725-480.00-757.42-48;20140729-509.00-757.42-48;20140730-519.90-757.42-47;20140731-509.00-757.42-49;20140805-519.90-757.42-46;20140808-519.90-757.42-45;20140810-519.90-757.42-45;20140811-469.99-757.42-47;20140812-481.99-757.42-47;20140813-473.99-757.42-48;20140814-470.99-757.42-49;20140815-473.99-757.42-49;20140816-473.99-757.42-51;20140819-479.99-757.42-51;20140821-479.99-757.42-49;20140822-508.90-757.42-49;20140823-379.99-757.42-51;20140824-508.90-757.42-50;20140825-508.90-757.42-49;20140826-508.90-757.42-47;20140827-365.99-692.25-46;20140829-365.99-692.25-45;20140830-364.99-692.25-46;20140902-364.99-692.25-46;20140904-364.99-692.25-46;20140905-364.99-775.71-48;20140906-362.89-775.71-48;20140908-362.89-775.71-48;20140909-362.89-775.71-50;20140910-499.99-775.71-58;20140911-499.99-692.25-55;20140912-499.99-775.71-56;20140913-499.99-775.71-56;20140914-499.99-775.71-56;20140915-499.99-775.71-55;20140916-499.99-775.71-55;20140917-465.99-775.71-58;20140918-465.99-775.71-57;20140919-465.99-692.25-56;20140920-465.99-757.42-58;20140922-465.99-757.42-56;20140923-462.99-757.42-57;20140924-462.99-757.42-58;20140926-459.90-757.42-56;20140927-459.90-775.71-55;20140930-458.00-775.71-54;20141002-458.00-775.71-53;20141003-453.00-757.42-51;20141004-453.00-757.42-53;20141007-453.00-757.42-53;20141008-443.80-708.21-53;20141009-442.00-679.00-51;20141010-421.50-679.00-51;20141011-441.80-679.00-50;20141013-441.80-679.00-51;20141014-441.80-679.00-51;20141015-441.80-679.00-52;20141016-428.99-679.00-52;20141017-428.99-679.00-53;20141020-428.99-679.00-54;20141021-428.99-679.00-54;20141022-421.99-679.00-54;20141023-441.80-679.00-52;20141024-441.80-679.00-53;20141025-439.90-679.00-54;20141026-439.99-679.00-55;20141027-439.99-757.42-57;20141028-439.99-757.42-57;20141029-439.99-757.42-57;20141030-421.89-679.00-57;20141031-421.00-679.00-56;20141102-421.00-679.00-55;20141103-421.00-679.00-54;20141105-420.99-679.00-51;20141107-421.00-679.00-51;20141108-421.00-679.00-53;20141109-421.00-679.00-52;20141111-421.00-679.00-54;20141112-425.00-679.00-55;20141113-425.00-679.00-56;20141114-425.00-679.00-58;20141115-439.90-679.00-58;20141119-413.99-679.00-59;20141120-439.90-679.00-59;20141121-439.90-679.00-54;20141122-439.90-679.00-55;20141123-439.90-679.00-54;20141124-439.90-679.00-53;20141125-439.90-679.00-53;20141127-439.90-679.00-55;20141128-424.90-679.00-55;20141129-424.90-679.00-57;20141203-424.00-679.00-57;20141204-424.00-679.00-57;20141205-424.00-679.00-56;20141207-424.00-679.00-59;20141210-424.00-679.00-56;20141211-424.00-679.00-54;20141212-424.00-679.00-56;20141213-438.44-679.00-56;20141214-429.99-679.00-57;20141215-429.99-679.00-56;;;;;;;;;;;;;;;;;;;;;;;;;;;;;;;;;;;;;;;;;;;;;;;;;;;;;;;;;;;;;;;;;;;;;;;;;;;;;;;;;;;;;;;;;;;;;;;;;;;;;;;;;;;;;;;;;;;;;;;;;
SONY Xperia Z3 D6603 cierna;20141106-513.99-760.00-31;20141107-511.99-760.00-34;20141108-508.99-722.57-34;20141109-508.99-734.30-34;20141110-505.00-734.30-34;20141111-505.00-738.30-34;20141112-504.99-731.10-34;20141113-504.79-731.10-35;20141114-503.99-731.10-35;20141115-501.00-731.10-36;20141119-499.99-731.10-37;20141120-499.89-730.40-37;20141121-497.99-730.40-36;20141122-495.00-730.40-37;20141124-493.99-730.40-37;20141125-493.99-730.40-36;20141127-493.99-729.90-35;20141129-493.00-729.90-38;20141201-493.00-729.90-37;20141202-493.00-729.90-36;20141203-492.99-729.90-36;20141204-491.69-729.90-38;20141205-489.00-729.90-36;20141206-489.00-729.90-34;20141207-489.00-729.90-35;20141208-489.00-729.90-34;20141209-488.98-729.90-35;20141210-488.98-729.90-33;20141211-488.98-729.90-33;20141212-488.98-729.90-33;20141213-488.98-729.90-35;;;;;;;;;;;;;;;;;;;;;;;;;;;;;;;;;;;;;;;;;;;;;;;;;;;;;;;;;;;;;;;;;;;;;;;;;;;;;;;;;;;;;;;;;;;;;;;;;;;;;;;;;;;;;;;;;;;;;;;;;;;;;;;;;;;;;;;;;;;;;;;;;;;;;;;;;;;;;;;;;;;;;;;;;;;;;;;;;;;;;;;;;;;;;;;;;;;;;;;;;;;;;;;;;;;;;;;;;;;;;;;;;;;;;;;;;;;;;;;;;;;;
HTC One M8;20140512-585.00-585.00-1;20140520-569.00-569.00-1;20140521-565.00-565.00-1;20140526-559.00-559.00-1;20140529-555.00-555.00-1;20140602-555.00-569.90-2;20140605-549.00-559.90-2;20140609-542.90-549.00-2;20140612-538.90-549.00-2;20140614-538.90-539.00-2;20140616-529.90-539.00-2;20140624-529.90-535.00-2;20140625-535.00-535.00-1;20140702-519.00-519.00-1;20140724-509.00-509.00-1;20140804-499.00-499.00-1;20140820-509.99-509.99-1;20140911-499.00-499.00-1;20140923-499.00-499.00-1;20140930-479.99-479.99-1;20141008-457.99-620.44-6;20141009-457.99-682.15-23;20141012-457.89-682.15-22;20141013-457.89-682.15-22;20141014-457.89-682.15-23;20141016-457.89-682.15-22;20141018-457.89-682.15-23;20141022-457.89-682.15-22;20141023-454.99-682.15-22;20141024-457.89-682.15-21;20141025-457.89-682.15-20;20141026-457.89-682.15-21;20141027-457.89-682.15-20;20141028-448.99-682.15-20;20141029-448.99-682.15-22;20141030-448.99-682.15-24;20141102-448.99-682.15-23;20141103-446.99-682.15-23;20141104-446.99-682.15-24;20141105-444.99-675.97-40;20141106-439.99-675.97-40;20141107-437.99-675.97-40;20141108-437.99-659.24-40;20141110-437.99-659.24-39;20141111-437.99-659.24-38;20141116-437.99-659.24-40;20141123-437.99-659.24-38;20141126-437.99-659.24-38;20141127-435.05-659.24-39;20141128-443.99-659.24-41;20141129-443.99-659.24-40;20141201-445.99-659.24-42;20141205-445.99-659.24-42;20141210-454.99-659.24-41;20141211-454.99-659.24-42;20141212-454.99-659.24-41;20141213-454.99-659.24-42;20141215-454.99-659.24-42;;;;;;;;;;;;;;;;;;;;;;;;;;;;;;;;;;;;;;;;;;;;;;;;;;;;;;;;;;;;;;;;;;;;;;;;;;;;;;;;;;;;;;;;;;;;;;;;;;;;;;;;;;;;;;;;;;;;;;;;;;;;;;;;;;;;;;;;;;;;;;;;;;;;;;;;;;;;;;;;;;;;;;;;;;;;;;;;;;;;;;;;;;;;;;;;;;;;;;;;;;;;;;;;;;;;;;;;;
SAMSUNG i9505 Galaxy S4 cierna;20130425-622.19-639.68-3;20130428-632.64-665.51-4;20130430-598.51-790.21-38;20130502-610.80-790.21-37;20130504-602.99-790.21-36;20130507-596.99-790.21-34;20130509-581.00-790.21-37;20130512-581.00-790.21-42;20130516-577.80-790.21-45;20130518-572.98-790.21-46;20130520-569.11-781.12-46;20130523-569.00-781.12-44;20130528-569.00-772.96-45;20130530-569.00-772.96-45;20130602-569.00-694.38-46;20130605-569.00-694.38-49;20130607-538.00-694.38-48;20130610-538.00-678.34-50;20130612-550.00-678.34-49;20130615-529.00-678.34-49;20130617-529.00-678.34-48;20130619-529.00-678.34-49;20130621-529.00-678.34-49;20130627-509.70-678.34-49;20130629-512.94-678.34-49;20130703-512.94-670.58-48;20130706-380.00-670.58-50;20130709-499.99-670.58-49;20130714-499.99-658.63-45;20130716-499.99-658.63-45;20130718-499.99-648.37-44;20130722-499.99-648.37-46;20130805-479.99-648.37-46;20130808-479.99-648.37-46;20130810-479.98-648.37-48;20130813-479.98-645.00-48;20130815-474.90-645.00-51;20130820-483.00-645.00-50;20130822-483.00-645.00-50;20130824-483.00-645.00-50;20130826-483.00-683.93-50;20130828-483.00-668.30-49;20130830-483.00-666.44-51;20130902-483.00-665.75-50;20130904-478.80-665.75-47;20130906-472.99-663.46-49;20130908-472.99-645.00-49;20130910-466.51-645.00-48;20130912-466.51-663.91-49;20130914-466.51-665.49-48;20130918-466.51-665.29-49;20130920-466.51-649.41-49;20130925-466.51-645.00-49;20131002-465.90-645.00-48;20131004-464.90-666.37-49;20131006-464.90-645.00-48;20131010-465.90-645.00-47;20131012-455.00-649.00-50;20131015-451.00-659.36-51;20131018-451.00-659.36-50;20131020-439.90-645.00-48;20131022-439.90-645.00-49;20131025-446.00-649.00-50;20131027-442.10-645.00-51;20131030-441.97-645.00-54;20131101-437.99-645.00-55;20131107-434.50-645.00-54;20131115-434.50-619.00-52;20131123-425.00-619.00-57;20131128-425.80-619.00-57;20131201-424.00-619.00-56;20131204-422.00-649.70-59;20131206-422.00-628.05-55;20131208-419.00-619.00-56;20131210-422.00-649.70-56;20131212-418.00-628.05-57;20131214-418.00-637.56-59;20131217-399.00-637.56-58;20131219-399.00-619.00-56;20131221-399.00-619.00-56;20131227-399.00-619.00-57;20140103-417.00-619.00-55;20140105-417.00-625.51-54;20140108-417.00-625.51-53;20140110-417.00-625.51-53;20140113-417.00-625.51-54;20140117-425.28-637.56-53;20140123-422.00-672.85-52;20140125-417.00-672.85-53;20140127-417.00-648.62-53;20140129-425.28-649.45-53;20140131-399.90-649.45-52;20140202-399.90-649.45-52;20140205-399.90-648.61-53;20140210-399.90-649.19-52;20140213-405.98-648.61-50;20140216-403.99-648.61-50;20140221-398.00-647.08-54;20140224-398.00-647.08-55;20140226-391.90-645.92-56;20140228-388.00-645.92-54;20140302-384.90-645.92-55;20140304-384.49-619.00-55;20140306-380.00-619.00-56;20140310-376.00-619.00-55;20140312-371.50-619.00-55;20140316-371.00-619.00-53;20140319-368.90-629.32-53;20140321-368.90-619.00-54;20140324-366.00-619.00-52;20140326-360.90-619.00-56;20140328-350.99-619.00-57;20140401-346.99-619.00-56;20140404-343.99-619.00-56;20140408-342.00-619.00-55;20140414-336.00-619.00-58;20140416-336.00-619.00-57;20140418-335.90-781.48-55;20140423-334.99-781.48-55;20140426-334.99-781.48-54;20140430-336.00-781.48-53;20140506-336.19-781.48-53;20140508-348.19-781.48-51;20140510-348.19-781.48-50;20140514-348.19-781.48-46;20140516-348.19-781.48-44;20140521-346.00-781.48-45;20140524-348.19-781.48-40;20140530-358.00-781.48-40;20140603-358.00-781.48-39;20140605-358.00-781.48-39;20140609-358.00-781.48-37;20140612-360.00-602.99-38;20140615-360.00-669.00-39;20140617-360.00-602.99-37;20140620-360.00-602.99-37;20140622-369.79-602.99-36;20140624-370.34-602.99-35;20140626-374.57-602.99-36;20140628-374.57-602.99-34;20140701-374.57-602.99-35;20140705-374.57-602.99-36;20140709-379.00-602.99-34;20140711-379.00-602.99-36;20140715-379.00-602.99-35;20140802-376.00-602.99-34;20140805-347.00-602.99-37;20140808-347.00-602.99-36;20140812-345.00-602.99-35;20140815-376.00-602.99-31;20140821-368.99-602.99-31;20140823-368.99-602.99-33;20140827-368.99-602.99-32;20140828-368.99-602.99-31;20140829-368.99-602.99-30;20140830-368.99-602.99-29;20140901-368.99-602.99-28;20140902-368.99-602.99-29;20140903-368.99-602.99-33;20140904-368.99-602.99-32;20140905-368.99-602.99-31;20140908-368.99-602.99-29;20140909-368.99-602.99-30;20140913-359.99-592.99-30;20140914-333.99-592.99-31;20140915-333.99-592.99-30;20140916-333.99-592.99-32;20140917-333.99-592.99-34;20140920-338.99-592.99-35;20140923-338.99-592.99-34;20140924-338.99-592.99-33;20141001-335.90-592.99-33;20141002-335.90-592.99-32;20141003-329.89-592.99-32;20141004-323.90-592.99-33;20141008-321.49-592.99-34;20141009-321.49-592.99-35;20141010-321.49-592.99-34;20141011-321.49-592.99-34;20141012-318.88-592.99-34;20141013-318.88-592.99-33;20141014-339.00-592.99-30;20141015-318.88-592.99-33;20141016-318.88-592.99-32;20141017-318.88-592.99-32;20141019-318.88-592.99-33;20141021-318.88-592.99-33;20141022-318.88-592.99-33;20141025-318.88-592.99-31;20141026-312.90-592.99-32;20141027-312.90-592.99-30;20141028-316.90-592.99-30;20141029-316.90-592.99-31;20141030-316.90-592.99-32;20141031-316.90-592.99-30;20141101-316.90-592.99-32;20141102-316.90-592.99-30;20141103-316.90-592.99-31;20141104-316.90-592.99-32;20141105-316.90-592.99-31;20141106-304.99-592.99-33;20141107-304.89-592.99-34;20141108-303.99-592.99-34;20141110-303.99-592.99-33;20141111-299.99-592.99-34;20141113-298.99-592.99-34;20141116-298.99-592.99-33;20141119-298.99-592.99-32;20141120-297.99-592.99-33;20141121-297.49-592.99-33;20141126-295.99-592.99-32;20141202-293.99-592.99-31;20141203-294.99-592.99-30;20141204-294.99-592.99-30;20141205-292.99-592.99-30;20141206-292.99-592.99-32;20141207-292.99-592.99-33;20141208-292.99-592.99-32;20141209-294.99-592.99-32;20141210-294.99-592.99-30;20141211-294.99-592.99-28;20141214-291.99-592.99-29;20141215-291.99-592.99-29;;;;;;;;;;;;;;;;;;;;;;;;;;;;;;;;;;;;;;;;;;;;;;;;;;;;
SONY Xperia Z1 (C6903) cierna;20130929-628.80-628.80-1;20131002-627.90-627.90-1;20131009-578.70-578.70-1;20131023-567.90-578.70-2;20131025-546.00-567.90-2;20131026-546.00-565.90-2;20131104-544.90-546.00-2;20131110-529.90-546.00-2;20131118-546.00-546.00-1;20131121-528.90-528.90-1;20131125-468.90-494.90-2;20131127-468.00-988.68-35;20131128-468.00-988.68-33;20131129-468.00-988.68-32;20131130-466.10-988.68-32;20131201-466.10-988.68-30;20131202-466.10-988.68-31;20131203-466.10-988.68-32;20131204-468.90-988.68-33;20131205-465.00-988.68-33;20131206-460.00-988.68-31;20131207-468.90-778.45-30;20131208-468.90-778.45-29;20131209-468.90-988.68-30;20131210-484.90-988.68-29;20131211-484.90-988.68-29;20131212-521.44-988.68-30;20131213-499.90-988.68-30;20131214-499.90-988.68-32;20131215-458.00-988.68-34;20131216-499.90-988.68-33;20131217-521.44-988.68-33;20131219-486.00-988.68-33;20131220-464.90-988.68-34;20131222-464.90-988.68-33;20131225-464.90-988.68-34;20131226-464.90-988.68-34;20131227-464.90-988.68-36;20131228-459.00-988.68-36;20131229-464.90-988.68-35;20131230-464.90-988.68-35;20131231-521.44-988.68-35;20140102-484.90-988.68-35;20140103-484.90-823.90-35;20140104-521.44-823.90-35;20140107-521.44-823.90-34;20140108-521.44-823.90-34;20140109-521.44-823.90-34;20140110-499.90-823.90-34;20140113-484.90-823.90-34;20140114-476.00-823.90-35;20140115-521.44-823.90-34;20140118-477.90-823.90-34;20140120-476.00-823.90-35;20140121-477.90-823.90-34;20140123-459.90-823.90-35;20140124-459.90-823.90-35;20140125-459.90-823.90-35;20140128-457.00-823.90-35;20140129-459.90-823.90-35;20140130-459.90-823.90-35;20140131-445.90-823.90-37;20140201-445.00-823.90-36;20140203-445.00-823.90-36;20140205-445.00-823.90-35;20140206-437.00-823.90-36;20140207-437.00-823.90-36;20140208-437.00-823.90-35;20140210-437.00-823.90-34;20140212-486.52-823.90-34;20140213-513.84-823.90-35;20140214-513.03-823.90-34;20140215-434.90-823.90-36;20140216-433.90-823.90-36;20140218-433.90-823.90-38;20140219-433.90-823.90-37;20140221-428.00-823.90-39;20140223-428.00-823.90-39;20140225-428.00-823.90-40;20140226-428.00-823.90-39;20140227-422.70-823.90-39;20140301-422.70-823.90-40;20140305-413.99-823.90-42;20140306-413.99-823.90-41;20140307-419.70-823.90-41;20140309-419.70-823.90-40;20140310-419.00-823.90-41;20140311-419.00-823.90-39;20140312-439.90-823.90-39;20140313-428.90-823.90-41;20140314-419.00-823.90-41;20140316-419.00-823.90-40;20140317-419.90-823.90-41;20140318-428.90-823.90-41;20140319-428.90-823.90-40;20140322-428.90-823.90-41;20140323-446.00-823.90-40;20140324-446.00-823.90-39;20140325-428.90-823.90-42;20140326-429.90-823.90-41;20140328-429.90-823.90-39;20140329-439.90-823.90-39;20140330-421.00-823.90-40;20140331-425.00-823.90-40;20140401-416.00-823.90-40;20140402-416.00-823.90-39;20140404-414.00-823.90-42;20140405-414.00-823.90-41;20140406-414.00-823.90-40;20140407-409.00-823.90-41;20140408-409.00-823.90-40;20140409-407.00-823.90-41;20140410-407.00-823.90-40;20140411-399.00-823.90-39;20140415-432.95-823.90-38;20140418-395.00-823.90-40;20140419-395.00-823.90-42;20140420-395.00-823.90-41;20140423-432.95-823.90-41;20140424-432.95-823.90-40;20140425-520.38-823.90-37;20140427-518.50-823.90-37;20140429-517.09-823.90-37;20140430-439.00-823.90-38;20140501-439.00-823.90-39;20140506-408.90-823.90-39;20140509-384.90-823.90-41;20140512-439.00-823.90-40;20140514-439.00-823.90-41;20140515-449.90-823.90-40;20140522-389.00-823.90-42;20140523-389.00-823.90-41;20140524-389.00-823.90-41;20140526-449.90-823.90-39;20140527-400.18-823.90-39;20140528-400.18-823.90-38;20140529-400.18-823.90-38;20140601-400.18-823.90-38;20140602-389.00-823.90-40;20140603-387.90-823.90-41;20140604-386.90-823.90-40;20140605-370.01-823.90-43;20140608-316.58-823.90-43;20140609-370.01-823.90-42;20140612-370.01-823.90-43;20140615-370.01-823.90-43;20140618-370.01-823.90-42;20140620-370.01-823.90-42;20140621-370.01-823.90-41;20140622-370.01-823.90-39;20140624-370.01-823.90-42;20140628-370.01-823.90-41;20140630-370.01-823.90-42;20140702-379.00-823.90-37;20140704-370.01-823.90-41;20140705-370.01-823.90-40;20140708-370.01-823.90-40;20140709-369.00-823.90-39;20140710-359.50-823.90-39;20140713-359.50-823.90-39;20140716-359.50-823.90-40;20140717-359.00-823.90-40;20140720-359.00-823.90-40;20140721-359.00-823.90-39;20140722-359.00-823.90-38;20140724-359.00-823.90-37;20140725-359.00-823.90-38;20140731-359.00-823.90-40;20140804-355.00-823.90-39;20140805-355.00-823.90-37;20140810-355.00-823.90-38;20140811-355.00-823.90-38;20140812-355.00-823.90-37;20140813-334.98-823.90-39;20140814-334.98-823.90-36;20140815-334.89-823.90-36;20140819-333.59-823.90-37;20140820-333.59-823.90-38;20140821-332.89-823.90-38;20140823-332.89-823.90-36;20140824-332.89-823.90-36;20140825-332.89-823.90-35;20140826-327.99-823.90-40;20140828-327.99-823.90-42;20140829-327.99-823.90-43;20140830-326.99-823.90-43;20140831-326.99-823.90-42;20140901-326.99-823.90-41;20140902-354.00-823.90-37;20140903-349.99-823.90-38;20140905-349.99-823.90-40;20140908-349.99-823.90-41;20140909-325.99-823.90-44;20140910-325.99-823.90-43;20140911-349.99-823.90-41;20140912-325.99-823.90-43;20140914-325.99-823.90-41;20140915-325.99-823.90-41;20140918-325.69-823.90-43;20140919-326.89-823.90-43;20140920-325.69-823.90-44;20140922-345.90-823.90-41;20140923-329.99-823.90-41;20140924-325.89-823.90-45;20140926-325.89-823.90-44;20140927-325.89-823.90-43;20140929-325.89-823.90-43;20140930-325.89-823.90-42;20141001-325.89-823.90-41;20141002-324.90-823.90-41;20141003-321.69-823.90-39;20141004-321.69-823.90-39;20141006-321.69-823.90-39;20141008-321.69-823.90-38;20141009-321.69-823.90-40;20141010-316.98-823.90-40;20141012-316.98-823.90-39;20141013-316.98-823.90-39;20141014-316.98-823.90-40;20141016-316.98-823.90-39;20141017-320.99-823.90-40;20141018-320.99-823.90-39;20141020-320.99-823.90-38;20141021-320.99-823.90-37;20141022-317.99-823.90-38;20141023-324.90-823.90-35;20141024-324.90-823.90-36;20141025-324.90-823.90-38;20141026-324.90-823.90-37;20141027-324.90-823.90-37;20141029-324.90-823.90-37;20141030-316.99-823.90-40;20141031-316.99-823.90-38;20141102-316.99-823.90-36;20141103-316.99-823.90-35;20141104-315.99-823.90-37;20141105-313.99-823.90-40;20141107-313.99-823.90-38;20141108-313.99-823.90-38;20141110-313.99-823.90-38;20141111-312.99-823.90-38;20141112-309.99-823.90-39;20141113-309.99-823.90-39;20141114-309.99-823.90-37;20141115-309.99-823.90-38;20141116-309.99-823.90-36;20141117-309.99-823.90-36;20141118-309.99-823.90-37;20141119-310.82-823.90-37;20141120-309.99-823.90-37;20141121-309.99-823.90-37;20141122-314.99-823.90-36;20141123-314.99-823.90-34;20141124-314.99-823.90-35;20141125-314.99-823.90-34;20141126-313.99-823.90-35;20141127-314.37-823.90-37;20141128-312.99-823.90-38;20141129-312.99-823.90-39;20141203-311.99-823.90-39;20141204-310.99-823.90-38;20141205-310.99-823.90-40;20141206-279.00-823.90-38;20141207-279.00-823.90-39;20141208-310.99-823.90-39;20141209-310.99-823.90-40;20141210-311.99-823.90-39;20141211-311.99-823.90-37;20141212-311.99-823.90-36;20141214-311.99-823.90-35;20141215-311.99-823.90-34;;;;
LG Nexus 5 16GB (D821) biela;20140121-404.90-525.02-14;20140122-394.50-525.02-16;20140126-394.50-525.02-13;20140130-394.50-465.85-12;20140202-392.90-465.85-13;20140203-394.50-465.85-13;20140208-374.00-465.85-15;20140210-394.50-465.85-13;20140211-394.50-459.60-13;20140212-399.99-459.60-10;20140220-399.00-459.60-10;20140226-399.00-459.60-12;20140227-399.00-459.60-10;20140228-399.00-459.60-9;20140305-389.99-459.60-11;20140306-359.99-459.60-14;20140307-359.99-459.60-13;20140309-359.99-459.60-14;20140321-378.99-459.60-14;20140324-339.90-459.60-16;20140329-337.90-459.60-16;20140331-336.90-459.60-16;20140402-336.90-459.60-15;20140403-336.90-459.60-16;20140404-336.90-459.60-18;20140405-336.90-542.84-18;20140406-336.90-459.60-18;20140411-330.90-459.60-18;20140413-328.90-459.60-18;20140421-327.90-459.60-20;20140425-324.80-459.60-19;20140426-323.99-459.60-20;20140429-323.49-459.60-21;20140511-322.99-459.60-20;20140512-326.90-459.60-19;20140513-326.90-459.60-18;20140516-326.90-459.60-18;20140520-325.00-459.60-18;20140521-325.00-459.60-17;20140525-325.00-459.60-17;20140526-342.60-459.60-16;20140528-374.99-459.60-16;20140529-325.00-459.60-18;20140530-325.00-459.60-17;20140602-317.90-459.60-21;20140605-317.90-459.60-21;20140606-317.90-459.60-20;20140619-317.90-459.60-20;20140624-317.90-459.60-21;20140625-329.00-459.60-20;20140626-329.99-459.60-20;20140702-329.99-459.60-19;20140703-329.99-459.60-19;20140712-329.99-459.60-20;20140717-329.99-459.60-21;20140720-329.99-459.60-20;20140809-329.99-459.60-22;20140810-325.00-459.60-23;20140811-311.89-459.60-24;20140813-325.00-459.60-22;20140814-311.99-459.60-23;20140815-305.99-459.60-24;20140817-305.99-459.60-23;20140819-304.99-459.60-23;20140821-303.99-459.60-23;20140822-303.99-459.60-22;20140826-303.99-459.60-21;20140829-303.99-459.60-24;20140830-300.99-459.60-24;20140902-300.99-459.60-25;20140904-300.99-459.60-26;20140905-321.50-459.60-25;20140906-322.50-459.60-25;20140911-321.50-459.60-25;20140912-325.00-459.60-24;20140913-359.00-459.60-23;20140914-359.00-459.60-21;20140917-359.00-459.60-20;20140918-329.98-459.60-18;20140919-359.00-459.60-17;20140920-329.98-459.60-17;20140921-329.98-459.60-17;20140923-324.99-459.60-16;20140924-324.99-439.00-13;20140925-324.99-439.00-12;20140926-324.99-439.00-11;20140927-324.99-439.00-9;20140930-324.99-439.00-8;20141002-324.99-439.00-7;20141003-339.89-439.00-7;20141010-339.89-439.00-6;20141014-329.99-439.00-7;20141015-329.99-439.00-6;20141019-329.63-439.00-6;20141021-339.99-439.00-7;20141022-339.99-439.00-6;20141023-339.99-439.00-6;20141024-339.99-439.00-6;20141025-339.99-439.00-6;20141026-339.99-439.00-6;20141027-324.89-439.00-7;20141029-329.99-439.00-6;20141031-329.99-439.00-5;20141101-329.99-439.00-5;20141102-329.99-439.00-5;20141108-319.90-439.00-7;20141109-319.90-439.00-6;20141111-329.99-439.00-6;20141112-329.99-439.00-5;20141115-329.98-439.00-6;20141119-329.99-439.00-6;20141120-329.99-439.00-6;20141125-329.99-439.00-5;20141126-329.99-439.00-4;20141129-327.98-439.00-6;20141203-327.96-439.00-5;20141208-324.98-439.00-5;20141211-324.98-439.00-4;20141212-415.60-439.00-2;;;;;;;;;;;;;;;;;;;;;;;;;;;;;;;;;;;;;;;;;;;;;;;;;;;;;;;;;;;;;;;;;;;;;;;;;;;;;;;;;;;;;;;;;;;;;;;;;;;;;;;;;;;;;;;;;;;;;;;;;;;;;;;;;;;;;;;;;;;;;;;;;;;;;;;;;;;;
HTC One X cierna;20120420-541.82-619.99-36;20120422-541.82-619.99-37;20120424-541.82-614.12-38;20120427-541.82-614.12-38;20120430-541.82-614.12-36;20120502-541.82-614.12-39;20120504-539.00-614.12-39;20120506-539.00-614.12-39;20120510-539.00-614.12-43;20120512-544.90-614.12-45;20120516-532.72-614.12-44;20120519-544.90-614.12-47;20120523-537.38-609.71-47;20120525-535.35-609.71-48;20120527-543.90-605.00-49;20120529-528.00-605.00-50;20120531-526.80-686.73-51;20120602-526.80-688.70-50;20120605-526.80-672.48-52;20120607-526.80-672.48-51;20120610-526.80-666.78-50;20120615-526.80-662.48-49;20120617-526.80-667.17-50;20120620-526.80-667.56-50;20120623-526.80-664.81-51;20120625-514.90-669.89-51;20120627-526.80-672.25-49;20120629-526.80-672.25-51;20120701-526.80-677.06-53;20120704-526.80-675.80-52;20120706-539.88-751.71-51;20120708-526.80-751.71-53;20120716-526.80-672.47-54;20120718-539.88-637.42-52;20120721-526.80-670.55-53;20120724-494.70-666.27-52;20120726-494.70-666.27-52;20120728-494.70-673.06-53;20120731-494.70-667.10-54;20120803-494.70-671.31-53;20120806-494.70-657.35-53;20120808-494.70-663.26-56;20120810-494.70-660.34-55;20120812-494.70-660.34-50;20120814-494.70-661.05-54;20120816-494.70-661.05-55;20120819-494.70-654.98-54;20120822-494.70-656.44-54;20120827-494.70-743.72-55;20120829-494.70-653.40-54;20120902-494.70-650.96-54;20120905-494.70-663.75-54;20120907-494.70-756.86-55;20120909-494.70-662.42-55;20120913-494.70-656.92-55;20120915-494.70-747.10-52;20120918-494.70-743.16-51;20120921-494.70-743.16-53;20120925-494.70-706.89-53;20120927-494.70-702.63-54;20120929-494.70-636.18-54;20121001-494.70-636.18-53;20121006-494.70-601.02-53;20121008-494.70-636.18-54;20121010-489.00-660.86-55;20121012-489.00-636.18-55;20121023-489.00-613.92-54;20121025-489.00-636.18-56;20121027-489.00-636.18-56;20121030-489.00-636.18-55;20121102-489.00-636.18-49;20121104-489.00-661.01-50;20121106-444.00-636.18-52;20121108-432.00-636.18-53;20121111-429.60-636.18-52;20121115-487.45-636.18-52;20121117-420.00-621.45-52;20121119-420.00-640.99-52;20121121-429.60-639.76-53;20121123-429.60-622.68-49;20121125-438.60-623.90-50;20121127-456.00-618.24-50;20121129-456.00-618.24-49;20121201-456.00-616.49-49;20121205-429.00-654.08-51;20121208-456.00-654.08-52;20121212-456.00-654.08-52;20121214-448.80-654.08-52;20121218-448.80-654.08-52;20121220-448.80-654.08-54;20121227-444.00-654.08-54;20121229-447.00-654.08-53;20121231-447.00-654.08-55;20130108-447.00-654.06-53;20130110-447.00-654.06-53;20130112-444.00-654.06-54;20130114-444.00-654.06-54;20130116-438.00-657.16-55;20130123-438.00-654.06-54;20130125-429.00-654.06-52;20130128-449.00-657.16-56;20130131-449.00-657.16-58;20130204-438.00-657.16-57;20130206-438.00-657.16-57;20130209-420.00-657.16-58;20130213-409.80-657.16-57;20130215-407.70-657.16-56;20130219-397.80-657.16-56;20130221-395.00-631.11-57;20130225-388.90-629.88-56;20130227-390.90-629.88-56;20130301-388.90-625.00-53;20130305-385.00-626.00-53;20130307-483.06-657.16-49;20130310-483.06-657.16-47;20130312-382.00-619.99-51;20130318-384.00-657.16-51;20130320-384.00-657.16-50;20130326-384.00-657.16-52;20130329-384.00-657.16-51;20130331-384.00-657.16-52;20130403-384.00-629.00-53;20130406-396.00-629.00-51;20130409-396.00-629.00-51;20130412-393.00-629.00-52;20130414-393.00-629.00-46;20130416-393.00-629.00-45;20130418-393.00-637.91-47;20130420-393.00-637.91-45;20130424-393.00-637.91-43;20130426-409.43-637.91-39;20130430-409.43-641.33-38;20130502-409.43-641.33-34;20130506-409.43-637.91-33;20130509-409.43-637.91-33;20130515-409.43-637.91-31;20130517-409.43-637.91-29;20130521-409.43-675.00-29;20130524-409.43-637.91-27;20130529-409.43-637.91-27;20130603-409.43-620.00-26;20130605-407.60-620.00-25;20130608-407.60-620.00-26;20130611-407.60-620.00-24;20130613-407.60-620.00-19;20130615-407.60-620.00-17;20130620-416.87-581.00-16;20130701-416.87-581.00-14;20130712-416.87-581.00-11;20130720-399.99-581.00-13;20130804-447.86-581.00-10;20130808-432.18-584.10-13;20130814-432.18-581.00-8;20130815-430.64-581.00-9;20130820-432.18-581.00-10;20130821-443.56-581.00-9;20130822-447.86-581.00-7;20130823-299.99-581.00-10;20130831-299.99-581.00-9;20130903-299.99-581.00-10;20130905-299.99-581.00-11;20130912-299.99-581.00-10;20130913-299.99-581.00-9;20130922-319.00-581.00-8;20131003-311.90-581.00-9;20131005-310.90-581.00-9;20131012-309.90-581.00-9;20131014-309.90-581.00-8;20131019-308.00-581.00-10;20131022-307.00-581.00-10;20131024-307.00-581.00-8;20131026-307.00-581.00-8;20131027-303.90-581.00-8;20131101-299.00-581.00-8;20131106-298.89-581.00-7;20131111-319.00-581.00-7;20131113-309.00-581.00-7;20131114-319.00-581.00-7;20131115-289.90-581.00-7;20131201-299.90-581.00-7;20131203-312.00-581.00-6;20131206-293.90-581.00-7;20131210-299.90-581.00-7;20131212-299.90-581.00-6;20131213-289.90-581.00-6;20131214-287.90-581.00-6;20131216-298.00-581.00-6;20131224-279.80-581.00-7;20131227-298.00-581.00-7;20140103-298.00-581.00-6;20140104-279.00-581.00-5;20140114-279.00-581.00-6;20140117-298.00-581.00-5;20140123-450.00-581.00-4;20140130-447.86-581.00-5;20140417-269.90-581.00-6;20140503-447.86-581.00-5;20140509-269.90-581.00-6;20140512-447.86-581.00-5;20140514-428.57-581.00-5;20140515-447.86-522.84-4;20140604-447.86-522.84-3;20140605-447.86-522.84-4;20140612-447.86-522.84-3;20140613-447.86-522.84-4;20140614-447.86-522.84-3;20140615-447.86-522.84-4;20140620-447.86-522.84-3;20140621-447.86-522.84-4;20140626-447.86-522.84-3;20140627-447.86-522.84-4;20140713-447.86-522.84-3;20140714-447.86-522.84-4;20140727-447.86-522.84-3;20140728-447.86-522.84-4;20140731-447.86-522.84-3;20140801-447.86-522.84-4;20140802-447.86-522.84-3;20140804-447.86-522.84-4;20140814-447.86-522.84-3;20140815-447.86-522.84-4;20140820-447.86-522.84-3;20140821-447.86-522.84-4;20140829-447.86-522.84-3;20140830-447.86-522.84-4;20140902-447.86-522.84-3;20140903-447.86-522.84-4;20140929-447.86-522.84-3;20140930-447.86-522.84-4;20141014-447.86-522.84-3;20141015-447.86-522.84-4;20141031-447.86-522.84-3;20141101-447.86-522.84-4;20141105-447.86-522.84-3;20141106-447.86-522.84-4;20141111-447.86-522.84-3;20141113-447.86-522.84-4;20141208-447.86-522.84-3;20141211-447.86-522.84-4;;;;;;;;;;;;;;;;;;;;;;;;;;;;;;;;;;;;
LG D605 Optimus L9 II cierna;20140222-198.56-255.10-24;20140223-197.91-255.10-23;20140305-197.91-255.10-25;20140307-197.91-255.10-26;20140308-197.91-255.10-25;20140309-197.91-255.10-24;20140310-197.91-255.10-24;20140312-198.00-255.10-23;20140316-198.00-255.10-23;20140321-198.00-255.10-26;20140322-198.00-255.10-25;20140323-196.90-255.10-25;20140326-196.90-255.10-25;20140327-196.90-255.10-27;20140401-196.00-255.10-30;20140403-196.00-255.10-29;20140404-194.00-255.10-31;20140405-189.90-255.10-31;20140406-189.90-255.10-30;20140409-186.90-255.10-31;20140410-186.90-255.10-30;20140411-186.90-255.10-30;20140413-186.90-255.10-32;20140414-191.00-255.10-32;20140415-191.00-266.24-32;20140417-191.00-266.24-31;20140418-191.00-266.24-32;20140420-191.00-266.24-31;20140423-189.90-266.24-32;20140425-189.90-266.24-30;20140426-189.90-266.24-31;20140427-185.00-266.24-32;20140428-183.90-266.24-32;20140429-183.90-290.45-32;20140430-183.90-266.24-32;20140505-191.00-266.20-32;20140506-174.90-266.20-32;20140509-173.90-266.20-33;20140510-173.90-266.20-31;20140511-172.90-266.20-31;20140513-172.90-266.20-30;20140514-171.90-266.20-30;20140519-171.90-251.43-28;20140520-168.00-249.42-29;20140521-167.90-228.34-29;20140522-167.90-228.34-28;20140523-165.98-228.34-28;20140526-189.99-228.34-25;20140528-181.00-228.34-26;20140529-163.00-255.10-29;20140531-163.00-255.10-32;20140602-163.00-255.10-32;20140603-163.00-255.10-32;20140604-163.00-255.10-31;20140605-163.00-228.34-32;20140606-163.00-255.10-30;20140607-163.00-255.10-28;20140609-163.00-228.34-27;20140610-168.90-255.10-27;20140611-159.89-255.10-30;20140613-159.89-255.10-32;20140614-159.89-255.10-33;20140615-159.89-255.10-32;20140617-157.90-255.10-32;20140618-156.90-228.34-31;20140619-156.90-255.10-31;20140620-156.90-228.34-33;20140621-156.90-228.34-33;20140622-156.90-228.34-32;20140624-161.90-228.34-32;20140625-172.30-228.34-31;20140628-180.76-228.34-30;20140629-162.90-228.34-31;20140630-162.90-228.34-32;20140702-162.90-215.17-31;20140703-162.90-215.17-28;20140704-162.90-215.17-30;20140705-162.90-209.99-29;20140707-162.90-209.99-30;20140710-162.90-209.99-31;20140711-162.90-209.99-30;20140713-162.90-209.99-30;20140716-159.90-209.99-31;20140717-159.90-209.99-30;20140718-162.00-209.99-30;20140719-159.90-209.99-30;20140720-159.90-209.99-29;20140721-159.90-209.99-29;20140722-159.90-209.99-29;20140723-159.90-209.99-31;20140724-159.00-209.99-31;20140725-159.00-209.99-32;20140728-159.00-199.00-30;20140729-159.00-199.00-29;20140731-159.00-199.00-30;20140805-159.00-199.00-28;20140806-159.00-199.00-27;20140807-159.00-199.00-26;20140808-159.00-199.00-28;20140812-159.00-199.00-27;20140813-159.00-199.00-26;20140814-159.00-199.00-25;20140815-159.00-199.00-24;20140816-159.00-182.10-25;20140818-159.00-182.10-26;20140819-159.00-182.10-26;20140820-154.99-182.10-26;20140821-154.99-184.50-25;20140822-157.99-184.50-24;20140823-157.99-184.50-24;20140824-154.00-184.50-25;20140826-154.00-184.50-24;20140827-153.90-196.00-26;20140903-154.99-196.00-25;20140904-154.99-196.00-25;20140905-154.99-196.00-24;20140912-154.99-182.30-25;20140913-149.99-182.30-25;20140914-149.99-182.30-23;20140915-149.99-180.31-24;20140916-140.78-180.51-27;20140917-139.99-180.51-28;20140918-150.70-180.51-23;20140919-139.89-180.81-28;20140920-139.89-180.81-28;20140921-139.89-196.00-28;20140923-139.88-180.67-28;20140924-139.88-180.67-27;20140925-139.88-180.86-27;20140926-139.75-181.06-28;20140927-139.75-181.16-27;20140928-139.29-180.76-29;20140929-139.29-180.96-28;20141002-139.29-180.96-26;20141003-137.99-181.16-29;20141007-137.99-181.35-29;20141008-137.99-181.35-28;20141009-138.59-181.31-27;20141010-138.59-3966.00-27;20141011-138.59-3966.00-26;20141012-138.59-235.93-25;20141013-139.99-235.93-24;20141014-138.59-235.93-27;20141015-138.59-181.16-26;20141016-138.06-180.86-26;20141018-137.24-180.86-26;20141020-135.45-180.05-26;20141021-138.59-180.05-24;20141022-135.67-180.05-27;20141024-135.74-180.05-26;20141026-135.71-180.05-26;20141029-135.83-216.81-28;20141030-135.19-180.05-27;20141031-135.32-216.90-28;20141101-139.99-222.24-27;20141102-139.99-180.05-26;20141103-139.99-180.05-25;20141104-145.00-180.05-25;20141106-143.99-180.05-26;20141107-143.99-180.05-25;20141108-135.10-180.05-27;20141110-135.19-180.05-26;20141112-145.00-180.05-25;20141113-145.00-229.59-25;20141114-145.00-229.59-26;20141115-145.00-229.59-27;20141116-145.00-229.59-26;20141119-145.00-229.59-25;20141120-145.00-229.59-25;20141121-145.00-229.59-24;20141122-145.00-229.59-26;20141123-145.00-229.59-24;20141124-145.00-229.59-26;20141127-145.00-229.59-25;20141201-145.00-180.05-27;20141203-145.00-180.05-28;20141204-145.00-180.05-27;20141205-145.00-180.05-29;20141210-145.00-180.05-27;20141211-145.00-180.05-26;20141212-145.00-180.05-26;;;;;;;;;;;;;;;;;;;;;;;;;;;;;;;;;;;;;;;;;;;;;;;;;;;;;;;;;;;;;;;;;;;;;;;;;;;;;;;;;;;;;;;;;;;;;;
SAMSUNG G800 Galaxy S5 Mini White;20140910-359.89-454.88-35;20140911-359.89-454.88-35;20140912-359.89-490.59-37;20140913-352.89-490.59-37;20140914-352.89-490.59-36;20140915-352.89-490.59-36;20140918-349.99-490.59-36;20140920-349.99-490.59-36;20140922-349.99-490.59-40;20140923-345.89-490.59-40;20140926-345.89-490.59-41;20140927-344.00-533.25-41;20140928-342.90-533.25-41;20140929-340.00-533.25-41;20140930-338.50-533.25-40;20141001-338.50-533.25-39;20141002-337.90-533.25-40;20141003-327.01-490.59-39;20141004-326.00-490.59-38;20141005-326.00-438.59-38;20141006-323.00-438.59-38;20141007-323.00-438.59-39;20141008-321.90-438.59-39;20141009-320.80-438.59-41;20141010-320.80-438.59-41;20141011-320.00-437.29-40;20141012-315.99-437.29-39;20141013-315.00-437.29-40;20141014-315.00-437.29-39;20141016-314.50-438.59-41;20141017-306.50-438.59-41;20141019-306.50-438.59-39;20141022-304.70-438.59-39;20141023-304.00-438.59-38;20141025-304.00-438.59-36;20141026-304.00-414.12-37;20141027-304.00-490.59-39;20141028-302.00-490.59-39;20141029-302.00-490.59-38;20141030-302.00-425.21-37;20141031-300.00-425.21-37;20141101-300.00-425.21-37;20141102-300.00-425.21-37;20141103-300.00-421.24-36;20141104-300.00-421.24-36;20141105-300.00-421.24-36;20141106-299.99-421.24-36;20141107-299.99-421.24-38;20141108-299.99-421.24-38;20141109-297.00-421.24-40;20141110-297.00-421.24-39;20141111-297.00-421.24-38;20141113-297.00-421.24-43;20141114-296.00-421.24-43;20141115-294.00-421.24-45;20141117-294.00-421.24-44;20141118-294.00-421.24-44;20141119-294.00-421.24-43;20141121-294.00-421.24-43;20141123-293.90-421.24-43;20141124-293.90-421.24-42;20141125-293.90-421.24-40;20141126-293.90-421.24-40;20141127-293.90-421.24-43;20141128-287.99-421.24-42;20141202-299.90-421.24-42;20141203-287.99-421.24-42;20141204-288.50-421.24-43;20141205-299.90-421.24-39;20141207-294.61-421.24-39;20141208-291.86-421.24-39;20141209-294.61-421.24-39;20141210-294.61-391.13-39;20141211-299.90-391.13-39;20141212-299.90-391.13-38;20141215-300.00-391.13-39;;;;;;;;;;;;;;;;;;;;;;;;;;;;;;;;;;;;;;;;;;;;;;;;;;;;;;;;;;;;;;;;;;;;;;;;;;;;;;;;;;;;;;;;;;;;;;;;;;;;;;;;;;;;;;;;;;;;;;;;;;;;;;;;;;;;;;;;;;;;;;;;;;;;;;;;;;;;;;;;;;;;;;;;;;;;;;;;;;;;;;;;;;;;;;;;;;;;;;;
SONY Xperia Z3 Compact (D5803);20141106-409.80-551.16-35;20141107-404.99-551.16-37;20141108-404.99-557.70-38;20141110-404.88-557.70-37;20141111-402.99-557.70-37;20141113-397.99-555.30-38;20141114-397.99-555.30-38;20141115-394.98-555.30-39;20141116-394.98-578.82-40;20141117-394.98-578.82-39;20141120-392.99-578.82-40;20141121-392.99-578.82-40;20141122-392.89-554.80-41;20141123-392.89-554.80-40;20141124-392.89-554.80-40;20141125-391.89-554.80-39;20141127-391.89-554.40-39;20141129-391.89-554.40-41;20141202-391.89-554.40-40;20141204-391.89-554.40-41;20141205-392.98-554.40-39;20141208-392.98-554.40-40;20141209-398.99-554.40-40;20141210-398.99-554.40-38;20141211-398.99-554.40-40;20141212-398.99-554.40-40;20141213-398.99-554.40-40;;;;;;;;;;;;;;;;;;;;;;;;;;;;;;;;;;;;;;;;;;;;;;;;;;;;;;;;;;;;;;;;;;;;;;;;;;;;;;;;;;;;;;;;;;;;;;;;;;;;;;;;;;;;;;;;;;;;;;;;;;;;;;;;;;;;;;;;;;;;;;;;;;;;;;;;;;;;;;;;;;;;;;;;;;;;;;;;;;;;;;;;;;;;;;;;;;;;;;;;;;;;;;;;;;;;;;;;;;;;;;;;;;;;;;;;;;;;;;;;;;;;;;;;
HTC One mini strieborna;20131128-347.00-500.28-35;20131201-347.00-500.28-37;20131205-347.00-500.28-36;20131206-345.00-500.28-37;20131209-345.00-500.28-36;20131211-344.00-500.28-37;20131214-340.00-500.28-38;20131215-346.00-500.28-38;20131216-346.00-500.28-38;20131217-351.90-500.28-37;20131218-349.90-500.28-35;20131219-349.90-500.28-36;20131220-344.90-500.28-36;20131221-344.90-500.28-35;20131222-344.90-500.28-35;20131224-344.90-500.28-37;20131225-344.90-500.28-35;20131227-344.90-500.28-34;20131228-344.90-500.28-35;20131229-343.90-500.28-35;20140103-343.00-500.28-35;20140105-343.90-500.28-35;20140107-343.90-500.28-34;20140108-343.90-500.28-33;20140109-343.90-500.28-33;20140110-343.90-500.28-32;20140112-343.90-500.28-32;20140113-369.99-500.28-32;20140114-369.99-500.28-33;20140116-369.99-500.28-36;20140117-369.99-500.28-35;20140118-359.00-500.28-32;20140121-359.00-500.28-31;20140122-359.00-500.28-30;20140124-359.00-500.28-31;20140125-359.00-500.28-33;20140126-342.00-500.28-34;20140130-342.00-500.28-34;20140131-342.00-500.28-35;20140202-342.00-500.28-35;20140203-340.00-500.28-35;20140204-339.00-500.28-35;20140205-339.00-470.72-34;20140208-338.00-470.72-34;20140210-338.00-470.72-33;20140211-337.00-470.72-34;20140212-338.00-470.72-34;20140213-336.00-470.72-34;20140214-336.00-459.00-33;20140215-335.00-459.00-33;20140216-335.00-459.00-32;20140219-334.00-459.00-34;20140222-334.00-459.00-33;20140223-334.00-459.00-32;20140226-334.00-459.00-32;20140228-332.00-459.00-32;20140306-329.90-459.00-37;20140307-329.90-459.00-37;20140309-329.90-459.00-35;20140310-329.90-459.00-37;20140311-329.90-459.00-36;20140312-329.90-459.00-35;20140313-329.00-459.00-35;20140315-325.00-459.00-35;20140316-320.00-459.00-35;20140318-325.00-459.00-35;20140322-328.90-459.00-35;20140323-329.90-459.00-34;20140324-319.90-459.00-35;20140325-319.90-459.00-34;20140326-319.90-459.00-33;20140327-318.90-459.00-34;20140329-318.90-459.00-33;20140331-318.90-459.00-34;20140401-318.90-459.00-33;20140402-318.90-459.00-34;20140404-318.90-459.00-33;20140407-318.90-459.00-33;20140408-305.00-459.00-32;20140409-302.39-459.00-32;20140410-299.99-459.00-32;20140411-297.00-459.00-32;20140412-294.67-459.00-33;20140413-293.12-459.00-33;20140415-293.12-459.00-32;20140416-293.12-459.00-34;20140417-290.04-459.00-34;20140418-289.00-459.00-34;20140425-289.00-459.00-34;20140429-289.00-459.00-34;20140504-279.90-459.00-34;20140507-279.90-459.00-35;20140509-279.90-459.00-34;20140512-285.00-459.00-34;20140519-285.00-459.00-33;20140520-292.60-459.00-31;20140521-292.75-459.00-30;20140528-292.75-459.00-29;20140529-285.00-459.00-29;20140603-285.00-459.00-31;20140605-285.00-459.00-30;20140606-285.00-459.00-30;20140607-286.90-459.00-29;20140618-286.90-459.00-27;20140619-286.90-459.00-28;20140620-286.90-459.00-29;20140621-285.00-459.00-28;20140622-285.00-459.00-26;20140624-285.00-459.00-24;20140625-285.00-459.00-23;20140626-289.99-459.00-23;20140627-289.99-459.00-22;20140629-288.99-459.00-22;20140630-285.00-459.00-22;20140702-285.00-459.00-22;20140706-252.11-459.00-24;20140707-285.00-459.00-23;20140708-285.00-459.00-22;20140709-288.99-459.00-19;20140711-288.99-459.00-18;20140713-293.00-459.00-16;20140714-293.00-459.00-15;20140715-288.99-459.00-17;20140716-288.99-459.00-16;20140719-288.99-459.00-16;20140721-288.99-459.00-17;20140725-285.00-459.00-18;20140728-285.00-459.00-17;20140729-285.00-459.00-17;20140805-288.99-459.00-17;20140806-288.99-459.00-16;20140813-297.00-459.00-16;20140821-297.00-459.00-16;20140822-297.00-459.00-16;20140827-299.00-459.00-16;20140903-299.00-416.45-15;20140904-299.00-429.10-15;20140905-299.00-465.00-15;20140906-299.00-619.00-15;20140908-299.00-465.00-15;20140909-299.00-465.00-14;20140910-279.00-465.00-14;20140911-279.00-646.00-14;20140912-359.67-646.00-12;20140913-358.89-646.00-11;20140915-358.89-465.90-11;20140916-358.89-607.00-11;20140917-354.89-607.00-11;20140918-354.89-465.00-11;20140920-354.89-455.10-11;20140921-354.89-416.45-10;20140927-354.89-465.00-10;20140930-357.99-465.00-10;20141002-379.33-465.00-9;20141003-379.33-416.45-7;20141009-390.60-416.45-6;20141020-390.60-416.45-5;20141025-390.60-416.45-4;20141027-390.60-416.45-4;20141029-390.60-416.45-5;20141103-390.37-405.11-4;20141120-390.37-405.11-3;20141129-274.99-405.11-5;20141211-274.99-405.11-6;20141213-274.99-405.11-5;20141214-269.99-405.11-5;;;;;;;;;;;;;;;;;;;;;;;;;;;;;;;;;;;;;;;;;;;;;;;;;;;;;;;;;;;;;;;;;;;;;;;;;;;;;;;;;;;;;;;;;;;;;;;;;;;;;;;;;;;;;
SAMSUNG i9195 Galaxy S4 mini biela;20131128-296.50-605.88-51;20131129-296.50-605.88-48;20131130-296.50-605.88-49;20131201-296.50-605.88-46;20131202-296.50-605.88-45;20131203-295.98-605.88-46;20131204-290.99-605.88-49;20131205-290.99-605.88-49;20131206-290.99-605.88-51;20131207-286.00-457.63-48;20131208-290.99-457.63-46;20131209-290.99-605.88-47;20131210-290.99-605.88-46;20131211-290.99-605.88-47;20131212-290.99-526.68-48;20131213-290.99-526.68-48;20131214-290.99-526.68-49;20131215-290.99-526.68-50;20131217-290.96-526.68-52;20131218-290.96-526.68-50;20131219-290.96-526.68-47;20131220-290.96-526.68-45;20131221-290.96-526.68-47;20131222-290.96-526.68-48;20131224-290.96-526.68-48;20131225-290.96-526.68-45;20131226-290.96-526.68-44;20131227-290.96-526.68-43;20131229-290.96-526.68-45;20131230-290.96-526.68-43;20131231-290.96-526.68-46;20140101-290.96-526.68-45;20140103-290.96-520.08-45;20140104-290.96-519.04-47;20140105-290.96-518.28-47;20140107-290.96-518.28-46;20140108-290.96-518.95-45;20140109-290.96-519.42-49;20140110-290.96-515.57-48;20140112-290.96-516.68-48;20140113-290.96-516.68-48;20140114-290.96-516.68-48;20140115-290.96-516.41-47;20140117-290.96-515.76-48;20140118-290.96-514.72-48;20140119-290.96-515.48-48;20140120-290.96-515.48-47;20140121-290.96-515.48-45;20140122-290.96-514.16-46;20140123-290.96-513.50-46;20140124-290.96-514.82-49;20140125-290.96-453.31-50;20140126-290.96-438.90-49;20140128-290.96-438.90-49;20140129-290.96-438.90-48;20140130-282.98-438.90-48;20140131-282.98-438.90-50;20140201-281.00-438.90-50;20140202-281.00-438.90-49;20140203-281.00-438.90-48;20140208-279.90-438.90-49;20140210-279.90-438.90-52;20140211-279.90-438.90-51;20140212-273.98-438.90-51;20140213-273.98-438.90-51;20140214-273.98-438.90-51;20140215-268.99-438.90-51;20140216-268.99-438.90-50;20140219-268.99-438.90-51;20140220-268.99-438.90-52;20140221-268.99-438.90-51;20140223-269.04-438.90-51;20140225-266.00-438.90-52;20140226-266.00-438.90-51;20140227-264.00-438.90-51;20140304-262.98-438.90-51;20140305-261.00-438.90-53;20140306-259.91-438.90-54;20140307-239.00-438.90-55;20140308-239.00-438.90-54;20140309-238.00-438.90-54;20140310-238.00-438.90-54;20140311-237.49-438.90-53;20140312-237.49-438.90-55;20140313-237.49-438.90-55;20140314-235.99-438.90-54;20140322-219.90-438.90-54;20140323-219.90-438.90-53;20140324-225.60-438.90-51;20140325-219.10-438.90-53;20140327-219.00-438.90-52;20140329-216.99-438.90-54;20140330-216.99-438.90-55;20140331-209.99-438.90-55;20140401-209.99-438.90-54;20140402-206.99-438.90-53;20140403-206.99-438.90-53;20140404-206.99-438.90-55;20140405-205.99-438.90-56;20140408-205.99-438.90-55;20140409-207.99-438.90-56;20140411-207.99-438.90-55;20140412-207.99-438.90-58;20140413-207.99-438.90-57;20140415-207.99-438.90-56;20140416-207.99-438.90-56;20140417-214.20-438.90-54;20140418-214.20-438.90-53;20140420-214.20-438.90-52;20140423-217.90-438.90-52;20140424-217.99-438.90-54;20140425-217.99-438.90-55;20140426-217.99-438.90-55;20140427-217.99-438.90-57;20140429-219.00-438.90-55;20140430-222.79-438.90-54;20140501-227.59-438.90-54;20140503-227.59-438.90-53;20140507-227.59-438.90-52;20140508-228.99-438.90-52;20140509-199.90-438.90-52;20140510-233.59-438.90-51;20140513-245.59-438.90-51;20140514-231.81-438.90-51;20140516-257.59-438.90-48;20140520-257.59-438.90-49;20140522-257.59-438.90-50;20140523-257.59-438.90-49;20140528-269.59-438.90-46;20140529-269.59-438.90-46;20140530-253.90-438.90-49;20140601-253.90-438.90-48;20140602-253.90-438.90-46;20140604-233.04-438.90-49;20140605-253.90-438.90-47;20140606-253.90-438.90-48;20140608-253.90-438.90-49;20140609-253.90-438.90-48;20140611-253.90-438.90-46;20140612-233.65-438.90-48;20140613-253.90-438.90-46;20140614-253.90-438.90-46;20140615-253.90-438.90-45;20140616-253.90-440.00-46;20140617-253.90-438.90-45;20140618-230.59-438.90-47;20140619-230.59-438.90-48;20140620-230.59-438.90-48;20140621-255.00-438.90-45;20140622-255.00-438.90-46;20140623-255.00-438.90-48;20140624-255.00-438.90-45;20140625-232.63-438.90-48;20140626-255.00-438.90-46;20140702-255.00-438.90-46;20140703-255.00-438.90-46;20140706-254.23-438.90-46;20140707-255.00-438.90-47;20140708-257.00-438.90-46;20140710-258.00-438.90-47;20140711-258.00-438.90-45;20140715-258.00-438.90-42;20140716-258.00-438.90-43;20140717-258.00-438.90-44;20140718-258.00-438.90-44;20140720-258.00-438.90-43;20140722-248.00-438.90-43;20140723-248.00-438.90-42;20140724-245.00-438.90-42;20140726-249.00-438.90-42;20140727-249.00-438.90-43;20140728-249.00-438.90-42;20140729-249.00-438.90-42;20140730-249.00-438.90-41;20140801-249.00-438.90-40;20140804-249.00-438.90-42;20140810-249.00-438.90-42;20140811-249.00-438.90-41;20140813-255.00-438.90-40;20140814-255.00-438.90-39;20140815-238.79-438.90-42;20140816-238.79-438.90-43;20140818-238.79-438.90-42;20140819-255.00-438.90-39;20140820-238.44-438.90-42;20140821-259.00-438.90-39;20140822-241.99-438.90-40;20140823-254.99-438.90-39;20140825-237.99-438.90-40;20140829-237.88-438.90-43;20140830-254.99-438.90-42;20140831-249.99-438.90-43;20140903-249.99-438.90-42;20140904-249.00-438.90-43;20140905-249.99-438.90-42;20140906-225.99-438.90-45;20140908-225.99-438.90-45;20140909-225.99-438.90-46;20140911-225.99-438.90-47;20140912-225.99-438.90-45;20140913-225.99-438.90-43;20140914-224.99-438.90-41;20140915-224.99-438.90-44;20140916-224.99-438.90-45;20140917-256.00-438.90-39;20140918-256.00-438.90-40;20140919-228.90-438.90-44;20140920-228.90-438.90-44;20140922-228.90-438.90-47;20140923-229.90-438.90-48;20140924-229.90-438.90-48;20140925-229.90-438.90-48;20140926-222.99-438.90-48;20140927-229.90-438.90-47;20140928-229.90-438.90-46;20141001-220.00-438.90-46;20141002-220.00-438.90-45;20141003-219.42-438.90-44;20141004-220.00-438.90-43;20141007-220.00-438.90-45;20141009-220.00-438.90-45;20141010-217.49-438.90-46;20141011-217.49-438.90-45;20141012-217.49-438.90-43;20141014-217.49-438.90-45;20141015-199.00-438.90-47;20141016-217.49-438.90-45;20141017-209.49-438.90-46;20141018-209.49-438.90-46;20141020-209.49-438.90-47;20141022-208.99-438.90-46;20141023-220.00-438.90-45;20141025-220.00-438.90-43;20141026-212.90-438.90-46;20141027-212.90-438.90-44;20141028-212.90-438.90-45;20141029-207.40-438.90-46;20141030-207.39-438.90-48;20141031-207.39-438.90-47;20141102-207.39-438.90-45;20141103-205.78-438.90-45;20141104-207.40-438.90-44;20141105-207.90-438.90-45;20141106-205.78-438.90-46;20141107-207.90-438.90-45;20141110-205.89-438.90-45;20141111-204.90-438.90-45;20141112-204.90-438.90-46;20141113-204.89-438.90-46;20141115-204.88-438.90-46;20141117-204.88-438.90-48;20141118-204.88-438.90-48;20141119-204.88-438.90-50;20141120-202.99-438.90-48;20141121-202.98-438.90-46;20141122-202.98-438.90-47;20141123-201.99-438.90-46;20141124-201.99-438.90-45;20141125-201.99-438.90-43;20141126-201.98-438.90-44;20141127-200.99-438.90-47;20141128-198.50-438.90-45;20141129-198.49-438.90-46;20141201-198.49-438.90-47;20141202-198.30-438.90-48;20141204-197.80-438.90-49;20141205-197.79-438.90-46;20141206-196.99-438.90-49;20141208-196.99-438.90-48;20141209-196.99-438.90-48;20141210-196.99-438.90-46;20141211-195.00-438.90-46;20141212-197.75-438.90-47;20141213-197.75-438.90-46;20141214-199.00-438.90-45
SONY Xperia Z1 (5503) Compact;20140219-475.00-475.00-1;20140222-468.00-468.00-1;20140225-459.00-459.00-1;20140227-458.00-458.00-1;20140303-508.00-508.00-1;20140306-450.00-559.58-21;20140308-450.00-554.43-29;20140309-450.00-554.43-28;20140310-450.90-554.43-28;20140311-448.90-554.43-28;20140312-445.90-554.43-28;20140313-445.90-572.87-28;20140314-444.90-572.87-28;20140315-444.00-572.87-28;20140317-442.00-572.87-28;20140318-439.80-572.87-28;20140322-439.80-572.87-27;20140323-434.80-572.87-27;20140324-442.00-572.87-26;20140325-434.80-572.87-28;20140326-429.90-572.87-28;20140328-429.90-572.87-30;20140330-423.00-572.87-30;20140331-419.00-572.87-30;20140402-416.00-572.87-31;20140403-414.90-572.87-30;20140404-414.00-572.87-32;20140405-414.00-577.85-32;20140406-413.40-572.87-31;20140407-413.40-572.87-30;20140408-409.00-546.60-31;20140409-407.00-546.60-32;20140410-399.98-546.60-32;20140411-399.00-546.60-32;20140415-395.00-546.60-33;20140418-384.90-546.60-33;20140423-384.00-546.60-33;20140424-384.90-546.60-32;20140425-384.90-546.60-31;20140502-384.90-547.82-32;20140503-384.90-556.82-34;20140504-394.98-556.82-34;20140506-394.98-547.82-34;20140509-395.90-547.82-35;20140512-399.90-547.82-34;20140514-399.90-547.82-35;20140520-399.90-547.82-34;20140521-414.79-559.00-31;20140522-389.00-559.00-36;20140523-417.96-559.00-30;20140524-399.90-559.00-34;20140526-417.96-559.00-32;20140527-417.96-559.00-34;20140528-417.96-559.00-33;20140531-417.96-559.00-34;20140601-417.96-537.09-34;20140602-399.90-537.09-34;20140603-398.90-537.09-35;20140604-398.90-529.25-34;20140605-387.90-529.25-37;20140606-387.90-529.25-36;20140607-387.90-529.25-35;20140611-387.90-529.25-34;20140612-384.90-529.25-36;20140620-378.90-529.25-37;20140621-378.90-602.78-38;20140622-378.90-602.78-37;20140623-376.90-602.78-38;20140624-376.90-529.25-38;20140627-376.90-529.25-40;20140628-389.00-529.25-38;20140630-379.00-529.25-39;20140701-369.00-529.25-40;20140702-369.00-529.25-39;20140703-369.00-529.25-39;20140707-365.74-529.25-40;20140708-362.08-529.25-38;20140710-356.89-529.25-39;20140711-356.89-529.25-39;20140714-356.89-529.25-38;20140716-355.40-529.25-39;20140717-345.98-529.25-39;20140720-345.98-529.25-38;20140730-345.98-529.25-36;20140802-348.04-529.25-37;20140807-348.04-525.30-37;20140808-345.98-525.30-37;20140809-348.04-525.30-37;20140812-347.99-525.30-38;20140815-330.99-525.30-39;20140816-323.99-525.30-40;20140819-323.99-525.30-39;20140821-347.99-525.30-36;20140822-348.04-525.30-38;20140824-348.04-525.30-37;20140826-349.00-525.30-36;20140827-327.99-525.30-39;20140828-327.99-525.69-38;20140829-324.98-525.69-40;20140831-324.98-525.69-39;20140901-324.98-525.30-40;20140904-324.98-525.30-40;20140906-324.98-525.30-41;20140910-324.98-525.30-40;20140911-324.98-525.30-39;20140912-324.98-525.30-38;20140914-324.98-525.30-36;20140918-344.40-525.30-34;20140920-324.98-445.59-36;20140921-321.99-445.22-36;20140922-324.98-445.41-36;20140925-324.98-446.34-37;20140926-297.50-447.27-36;20140927-298.50-507.08-36;20140930-298.50-507.08-37;20141001-298.50-507.08-36;20141002-298.00-507.08-35;20141003-316.50-446.34-34;20141004-298.00-446.72-35;20141006-298.00-445.59-35;20141008-298.00-446.03-36;20141009-298.00-525.30-37;20141012-298.00-525.30-37;20141013-298.00-525.30-37;20141014-298.00-525.30-38;20141017-298.00-525.30-37;20141018-298.99-430.54-36;20141019-298.00-430.54-35;20141020-298.99-440.92-36;20141021-298.00-440.92-37;20141022-298.00-442.60-36;20141023-296.00-430.54-35;20141024-291.00-525.69-36;20141025-291.00-430.54-35;20141026-290.00-430.54-37;20141027-291.00-430.54-35;20141028-291.00-525.30-36;20141029-291.09-525.30-37;20141030-290.00-525.30-38;20141031-290.00-525.30-38;20141101-290.00-525.30-37;20141102-290.00-430.54-36;20141103-290.00-525.30-37;20141104-288.49-525.30-38;20141105-290.00-525.30-37;20141107-290.00-525.30-39;20141108-290.00-430.54-37;20141109-281.00-430.54-37;20141110-281.00-525.69-38;20141111-281.00-525.69-37;20141112-283.99-525.69-38;20141113-283.49-525.69-38;20141114-283.49-525.69-39;20141120-282.99-525.30-38;20141124-280.49-430.54-38;20141125-280.49-430.54-39;20141126-278.99-430.54-40;20141127-281.36-430.54-38;20141128-281.36-430.54-40;20141130-281.36-525.30-42;20141201-281.36-525.30-42;20141203-280.99-525.30-41;20141204-280.99-525.30-42;20141205-280.99-525.30-41;20141209-280.99-525.30-41;20141210-280.99-525.30-38;20141211-280.99-525.30-37;20141214-280.99-525.30-37;20141215-280.99-525.30-38;;;;;;;;;;;;;;;;;;;;;;;;;;;;;;;;;;;;;;;;;;;;;;;;;;;;;;;;;;;;;;;;;;;;;;;;;;;;;;;;;;;;;;;;;;;;;;;;;;;;;;;;;;
LG G2 Mini D620 cierna;20141106-159.96-295.50-21;20141107-159.88-295.50-20;20141108-168.89-295.50-21;20141109-168.49-295.50-20;20141112-167.99-295.50-21;20141113-167.88-292.19-20;20141114-167.88-292.19-21;20141115-166.98-291.55-21;20141117-166.89-291.55-20;20141120-165.98-291.37-20;20141121-166.89-291.37-18;20141122-165.98-291.47-18;20141123-164.95-291.47-18;20141125-164.95-291.47-17;20141126-164.93-287.15-18;20141127-163.99-287.15-18;20141201-163.98-276.39-18;20141202-163.99-280.20-18;20141204-163.98-280.20-19;20141205-162.98-276.39-18;20141207-162.98-276.78-17;20141208-162.98-276.78-18;20141210-162.89-273.92-17;20141211-162.89-271.82-16;20141212-162.89-271.82-19;20141213-162.89-271.59-20;;;;;;;;;;;;;;;;;;;;;;;;;;;;;;;;;;;;;;;;;;;;;;;;;;;;;;;;;;;;;;;;;;;;;;;;;;;;;;;;;;;;;;;;;;;;;;;;;;;;;;;;;;;;;;;;;;;;;;;;;;;;;;;;;;;;;;;;;;;;;;;;;;;;;;;;;;;;;;;;;;;;;;;;;;;;;;;;;;;;;;;;;;;;;;;;;;;;;;;;;;;;;;;;;;;;;;;;;;;;;;;;;;;;;;;;;;;;;;;;;;;;;;;;;
SAMSUNG Galaxy Note 3 (N9005) cierna;20131005-653.94-871.07-41;20131006-652.92-858.00-41;20131007-652.92-858.00-41;20131008-651.99-858.00-41;20131009-651.99-858.00-39;20131010-638.66-858.00-41;20131011-640.45-858.00-42;20131015-639.61-858.00-42;20131016-638.23-858.00-42;20131017-636.62-858.00-43;20131018-636.62-858.00-43;20131019-634.10-858.00-44;20131022-633.58-858.00-44;20131023-633.58-858.00-45;20131024-633.24-858.00-44;20131025-634.32-858.00-44;20131026-634.89-858.00-44;20131028-634.89-858.00-43;20131029-611.08-858.00-45;20131030-610.19-858.00-43;20131031-610.19-858.00-44;20131101-611.59-858.00-43;20131102-601.27-858.00-43;20131103-623.04-858.00-43;20131104-617.28-858.00-43;20131105-617.35-858.00-45;20131106-610.99-858.00-44;20131107-599.90-858.00-43;20131108-599.90-858.00-44;20131109-597.10-858.00-43;20131110-595.80-858.00-44;20131111-603.32-858.00-43;20131112-595.57-858.00-43;20131113-593.00-858.00-42;20131114-530.62-858.00-42;20131115-592.90-858.00-43;20131119-534.54-858.00-46;20131120-533.02-858.00-46;20131121-531.43-858.00-47;20131122-531.43-858.00-46;20131123-554.70-858.00-46;20131125-553.80-858.00-47;20131126-553.80-858.00-47;20131127-553.80-858.00-48;20131129-553.80-858.00-49;20131130-553.80-858.00-47;20131201-553.80-858.00-48;20131202-553.80-858.00-47;20131203-549.60-858.00-47;20131204-549.60-858.00-49;20131206-544.80-858.00-49;20131207-529.00-858.00-50;20131210-544.80-858.00-49;20131211-526.99-858.00-49;20131212-529.90-858.00-50;20131213-524.90-858.00-51;20131214-521.00-858.00-49;20131218-518.99-858.00-49;20131219-518.99-849.84-48;20131220-518.99-849.84-50;20131221-517.99-849.84-49;20131222-515.99-849.84-49;20131223-515.99-849.84-50;20131224-514.99-849.84-50;20131225-514.99-849.84-49;20131231-514.99-849.84-51;20140102-514.99-849.84-50;20140103-510.00-849.84-51;20140104-514.99-849.84-50;20140107-514.99-849.84-49;20140110-514.99-849.84-49;20140112-514.99-849.84-51;20140115-514.99-849.84-50;20140116-514.99-841.81-51;20140117-519.90-841.81-50;20140118-510.00-841.81-51;20140120-514.90-841.81-50;20140122-519.99-841.81-50;20140123-514.90-841.81-50;20140124-514.90-841.81-49;20140125-514.90-841.81-50;20140126-514.90-809.43-48;20140127-514.90-809.43-47;20140130-514.90-809.43-48;20140131-529.99-809.43-49;20140202-506.00-809.43-51;20140203-506.00-809.43-50;20140204-529.99-809.43-50;20140205-519.90-809.43-50;20140206-488.99-809.43-52;20140207-486.99-809.43-52;20140208-486.99-809.43-52;20140210-484.99-809.43-52;20140211-482.99-809.43-52;20140212-529.89-809.43-50;20140213-528.99-809.43-50;20140214-473.90-809.43-51;20140215-471.50-809.43-52;20140216-471.50-809.43-51;20140217-468.00-809.43-52;20140218-466.00-809.43-52;20140220-464.00-809.43-52;20140223-464.00-809.43-51;20140224-457.00-809.43-52;20140226-468.00-809.43-51;20140301-468.00-809.43-51;20140304-471.60-809.43-52;20140305-471.60-809.43-52;20140306-465.99-809.43-53;20140308-471.60-809.43-54;20140309-471.60-809.43-53;20140313-464.85-809.43-57;20140314-464.85-801.34-57;20140315-462.52-801.34-58;20140316-462.52-801.34-58;20140317-462.52-801.34-59;20140318-462.52-801.34-58;20140319-444.00-801.34-57;20140321-454.00-801.34-56;20140324-444.00-801.34-55;20140326-456.40-801.34-56;20140327-460.42-801.34-56;20140328-443.00-801.34-55;20140402-443.00-801.34-58;20140403-443.00-776.30-56;20140404-443.00-776.30-56;20140405-437.00-776.30-56;20140406-437.00-776.30-57;20140407-435.00-776.30-57;20140409-432.90-776.30-58;20140410-432.90-776.30-57;20140411-432.00-776.30-57;20140415-432.00-776.30-57;20140417-432.00-946.84-57;20140418-432.00-946.84-56;20140420-432.00-946.84-55;20140425-432.00-946.84-55;20140426-432.00-946.84-55;20140429-432.00-946.84-55;20140430-432.00-946.84-56;20140510-474.90-946.84-58;20140512-474.90-946.84-57;20140514-473.67-946.84-57;20140515-473.67-946.84-56;20140519-473.67-946.84-56;20140520-473.67-946.84-55;20140521-473.67-946.84-54;20140522-473.67-946.84-57;20140523-473.00-946.84-55;20140526-473.00-946.84-54;20140527-473.67-946.84-56;20140528-473.67-946.84-55;20140529-473.67-946.84-52;20140530-467.50-946.84-52;20140531-467.50-946.84-54;20140602-467.50-946.84-55;20140605-465.00-946.84-55;20140607-465.00-946.84-56;20140609-465.00-946.84-55;20140610-465.00-711.39-53;20140611-465.00-711.39-52;20140613-465.00-711.39-53;20140615-465.00-711.39-52;20140616-449.99-711.39-52;20140619-449.99-711.39-52;20140620-449.99-711.39-53;20140621-449.99-711.39-52;20140622-444.99-711.39-51;20140623-481.00-711.39-52;20140624-482.70-711.39-52;20140626-482.70-711.39-50;20140628-482.70-725.80-49;20140701-482.70-725.80-50;20140702-482.70-725.80-49;20140703-482.70-727.12-49;20140704-479.00-727.12-50;20140705-482.70-727.12-50;20140707-482.70-727.12-51;20140711-482.70-727.12-52;20140712-482.70-727.12-52;20140713-482.70-733.58-52;20140714-482.70-711.39-52;20140716-482.70-711.39-53;20140717-482.70-711.39-51;20140720-482.70-711.39-50;20140724-482.70-711.39-49;20140725-482.70-711.39-48;20140801-479.00-711.39-49;20140802-479.00-711.39-48;20140805-479.00-711.39-49;20140806-479.00-711.39-48;20140808-480.00-711.39-46;20140809-479.99-711.39-45;20140811-482.70-711.39-43;20140812-482.70-711.39-44;20140813-482.70-711.39-47;20140814-479.99-711.39-48;20140818-479.99-711.39-50;20140820-482.70-711.39-49;20140821-479.99-699.00-48;20140822-479.99-699.00-50;20140826-435.99-699.00-53;20140827-479.99-699.00-50;20140829-479.99-699.00-49;20140903-479.99-699.00-48;20140904-479.99-699.00-47;20140907-479.99-699.00-45;20140908-479.99-699.00-46;20140909-479.99-699.00-48;20140910-479.99-699.00-46;20140911-479.99-699.00-48;20140912-479.99-699.00-47;20140913-479.99-699.00-46;20140914-479.90-699.00-44;20140915-479.90-699.00-44;20140919-479.90-699.00-46;20140920-449.00-699.00-46;20140921-469.99-699.00-46;20140923-469.99-699.00-45;20140924-469.99-699.00-44;20140925-469.00-699.00-44;20140927-469.00-723.98-43;20141003-459.00-699.00-41;20141004-440.99-699.00-45;20141006-440.99-699.00-44;20141008-440.99-699.00-43;20141009-429.89-699.00-43;20141010-429.89-699.00-42;20141012-458.99-699.00-41;20141013-458.99-699.00-40;20141014-458.99-699.00-41;20141015-429.89-699.00-45;20141016-429.89-699.00-46;20141017-425.98-699.00-44;20141018-425.98-699.00-43;20141019-425.98-699.00-44;20141020-425.98-699.00-43;20141021-425.98-699.00-44;20141022-419.98-699.00-44;20141027-419.98-699.00-43;20141028-449.00-699.00-42;20141029-448.99-699.00-39;20141030-418.78-699.00-42;20141031-448.99-699.00-39;20141101-448.99-699.00-38;20141103-419.00-699.00-39;20141104-416.98-699.00-41;20141105-432.60-699.00-39;20141106-448.99-699.00-38;20141107-445.00-699.00-36;20141110-445.00-699.00-35;20141111-448.99-699.00-36;20141112-435.50-699.00-37;20141113-407.99-699.00-38;20141114-407.99-699.00-40;20141115-398.99-699.00-40;20141116-398.99-699.00-39;20141120-413.58-699.00-39;20141123-413.58-699.00-38;20141126-412.99-699.00-39;20141201-404.48-699.00-41;20141202-404.48-699.00-40;20141204-403.98-699.00-39;20141205-403.98-699.00-40;20141207-446.74-699.00-39;20141208-439.00-699.00-40;20141209-435.05-699.00-41;20141210-435.05-699.00-40;20141211-446.50-699.00-38;20141213-435.05-699.00-40;20141214-446.50-699.00-38;20141215-446.50-699.00-37;;;
LG G3 D855 cierna/titan;20140531-549.99-599.00-3;20140606-599.00-599.00-3;20140610-493.44-599.00-6;20140627-470.66-599.00-8;20140709-470.66-599.34-16;20140714-470.66-599.34-17;20140718-479.00-599.34-18;20140720-479.00-599.34-16;20140721-471.00-599.34-20;20140725-469.00-599.34-21;20140801-468.00-599.34-21;20140812-435.89-599.34-25;20140813-468.00-599.34-24;20140814-468.00-599.34-23;20140815-459.00-599.34-23;20140818-434.89-599.34-24;20140819-431.99-599.00-24;20140822-431.89-629.00-24;20140825-416.99-629.00-24;20140829-414.99-629.00-25;20140830-414.99-599.00-25;20140902-414.99-599.00-25;20140904-414.99-599.00-24;20140905-414.99-517.88-25;20140906-411.99-517.88-26;20140907-411.99-521.54-26;20140908-411.99-521.54-25;20140909-411.99-532.00-25;20140910-409.99-532.00-26;20140911-409.99-532.00-25;20140912-409.99-532.00-25;20140913-408.99-532.00-26;20140914-408.99-532.00-25;20140915-408.99-532.00-25;20140916-408.99-532.00-25;20140917-408.99-532.00-25;20140918-408.89-537.00-25;20140919-408.89-537.00-25;20140920-408.89-532.00-26;20140922-408.89-531.00-27;20140923-409.99-531.00-27;20140924-409.99-531.00-27;20140925-409.99-531.00-26;20140926-409.99-532.00-26;20140928-408.79-531.00-27;20140929-408.79-531.00-26;20140930-409.99-531.00-26;20141001-409.99-532.00-26;20141002-409.99-532.00-28;20141003-409.99-532.00-26;20141006-409.99-532.00-27;20141008-408.90-533.00-27;20141009-408.90-533.00-27;20141010-406.90-533.00-27;20141012-403.90-533.00-27;20141013-403.90-532.00-26;20141014-407.00-532.00-26;20141015-403.90-532.00-27;20141016-403.90-531.00-27;20141017-399.98-531.00-27;20141020-399.98-525.00-28;20141021-395.00-525.00-28;20141023-393.00-524.00-28;20141024-393.00-523.00-29;20141025-393.00-521.00-28;20141026-388.90-522.00-29;20141027-388.90-522.00-27;20141028-388.90-522.00-26;20141029-388.90-522.00-27;20141030-388.90-521.00-28;20141031-388.90-521.00-28;20141101-388.90-520.00-28;20141102-388.90-504.42-28;20141104-388.90-504.42-27;20141105-384.80-517.45-43;20141106-383.90-504.42-41;20141107-383.90-573.52-47;20141108-382.99-573.52-47;20141109-381.90-573.52-47;20141110-381.90-517.45-47;20141111-378.99-517.45-46;20141113-378.89-517.45-47;20141114-375.00-517.45-49;20141115-374.98-517.45-48;20141121-374.98-517.45-47;20141122-373.00-517.45-48;20141125-372.97-517.45-47;20141126-369.00-517.45-47;20141129-367.90-517.45-49;20141204-366.99-517.45-49;20141205-366.99-503.08-49;20141206-367.85-503.08-48;20141209-365.00-503.08-48;20141210-365.00-503.08-46;20141211-365.01-567.74-45;20141212-365.01-499.00-45;20141213-364.90-499.00-45;20141214-364.90-503.08-46;20141215-363.99-503.08-46;;;;;;;;;;;;;;;;;;;;;;;;;;;;;;;;;;;;;;;;;;;;;;;;;;;;;;;;;;;;;;;;;;;;;;;;;;;;;;;;;;;;;;;;;;;;;;;;;;;;;;;;;;;;;;;;;;;;;;;;;;;;;;;;;;;;;;;;;;;;;;;;;;;;;;;;;;;;;;;;;;;;;;;;;;;;;;;;
HUAWEI Ascend Mate 7 cierna;20141204-420.30-496.70-11;20141205-420.30-528.64-12;20141208-420.30-523.82-12;20141210-419.80-528.64-11;;;;;;;;;;;;;;;;;;;;;;;;;;;;;;;;;;;;;;;;;;;;;;;;;;;;;;;;;;;;;;;;;;;;;;;;;;;;;;;;;;;;;;;;;;;;;;;;;;;;;;;;;;;;;;;;;;;;;;;;;;;;;;;;;;;;;;;;;;;;;;;;;;;;;;;;;;;;;;;;;;;;;;;;;;;;;;;;;;;;;;;;;;;;;;;;;;;;;;;;;;;;;;;;;;;;;;;;;;;;;;;;;;;;;;;;;;;;;;;;;;;;;;;;;;;;;;;;;;;;;;;;;;;;;;;
HTC Desire 510 Meta Grey;20141204-158.00-210.93-22;20141205-158.00-210.93-21;20141207-158.00-210.93-23;20141209-158.00-210.93-22;20141211-158.00-208.54-23;20141212-158.00-210.93-23;20141213-155.99-210.93-24;;;;;;;;;;;;;;;;;;;;;;;;;;;;;;;;;;;;;;;;;;;;;;;;;;;;;;;;;;;;;;;;;;;;;;;;;;;;;;;;;;;;;;;;;;;;;;;;;;;;;;;;;;;;;;;;;;;;;;;;;;;;;;;;;;;;;;;;;;;;;;;;;;;;;;;;;;;;;;;;;;;;;;;;;;;;;;;;;;;;;;;;;;;;;;;;;;;;;;;;;;;;;;;;;;;;;;;;;;;;;;;;;;;;;;;;;;;;;;;;;;;;;;;;;;;;;;;;;;;;;;;;;;;;
HUAWEI Ascend G6 cierna;20141204-142.90-214.00-39;20141205-142.96-214.00-38;20141207-142.95-214.00-37;20141208-145.50-214.00-37;20141209-149.90-214.00-38;20141210-145.00-214.00-37;20141211-145.00-214.00-36;20141213-145.00-214.00-35;20141214-144.00-214.00-35;;;;;;;;;;;;;;;;;;;;;;;;;;;;;;;;;;;;;;;;;;;;;;;;;;;;;;;;;;;;;;;;;;;;;;;;;;;;;;;;;;;;;;;;;;;;;;;;;;;;;;;;;;;;;;;;;;;;;;;;;;;;;;;;;;;;;;;;;;;;;;;;;;;;;;;;;;;;;;;;;;;;;;;;;;;;;;;;;;;;;;;;;;;;;;;;;;;;;;;;;;;;;;;;;;;;;;;;;;;;;;;;;;;;;;;;;;;;;;;;;;;;;;;;;;;;;;;;;;;;;;;;;;
LENOVO A536 Dual SIM cierna;20141120-125.50-144.17-29;20141123-119.64-144.17-32;20141124-119.64-144.17-33;20141127-119.64-144.17-32;20141128-119.64-137.46-31;20141129-119.64-144.17-32;20141201-119.64-144.17-36;20141202-125.50-137.46-34;20141203-125.50-137.46-33;20141204-125.00-153.69-33;20141205-119.64-153.52-32;20141207-116.00-153.60-32;20141208-116.00-153.60-33;20141209-116.00-153.60-33;20141210-119.64-153.69-32;20141211-119.64-153.54-31;20141212-123.80-153.38-30;;;;;;;;;;;;;;;;;;;;;;;;;;;;;;;;;;;;;;;;;;;;;;;;;;;;;;;;;;;;;;;;;;;;;;;;;;;;;;;;;;;;;;;;;;;;;;;;;;;;;;;;;;;;;;;;;;;;;;;;;;;;;;;;;;;;;;;;;;;;;;;;;;;;;;;;;;;;;;;;;;;;;;;;;;;;;;;;;;;;;;;;;;;;;;;;;;;;;;;;;;;;;;;;;;;;;;;;;;;;;;;;;;;;;;;;;;;;;;;;;;;;;;;;;;;;;;;;;;
GIGABYTE GSmart Roma R2 Plus biely;20141001-105.11-112.64-7;20141002-105.11-112.64-6;20141003-105.11-112.64-6;20141004-95.00-112.64-8;20141006-95.00-112.64-7;20141008-95.00-112.64-9;20141009-95.00-112.64-10;20141010-95.00-112.64-9;20141011-93.99-112.64-9;20141012-93.99-112.64-10;20141013-95.00-112.64-8;20141014-93.99-112.64-10;20141015-95.00-112.64-9;20141016-95.00-112.64-9;20141017-95.00-112.64-8;20141018-93.99-112.64-9;20141019-93.99-113.16-10;20141020-95.00-113.16-9;20141021-93.99-113.16-11;20141022-95.00-113.16-10;20141023-95.00-113.16-9;20141024-92.00-113.16-9;20141025-91.00-113.16-9;20141027-91.00-113.16-9;20141028-91.00-113.16-9;20141029-91.00-113.16-9;20141030-91.00-113.16-9;20141031-91.00-113.16-9;20141102-91.00-113.16-9;20141103-91.00-113.16-9;20141104-91.00-113.16-9;20141105-91.00-113.16-9;20141106-91.00-113.16-9;20141107-91.00-113.16-8;20141110-91.00-113.16-8;20141111-91.00-113.16-8;20141112-91.00-113.16-10;20141113-90.00-113.16-10;20141114-92.00-113.16-10;20141115-89.00-113.16-12;20141117-89.00-113.16-11;20141118-89.00-113.16-10;20141119-89.00-113.16-10;20141120-92.00-113.16-11;20141121-92.00-113.16-10;20141122-92.00-113.16-12;20141123-92.00-113.16-11;20141124-92.00-113.16-11;20141125-92.00-113.16-11;20141126-92.00-113.16-11;20141127-92.00-113.16-11;20141128-92.00-113.16-11;20141202-92.00-113.16-11;20141203-92.00-113.16-11;20141204-92.00-119.00-13;20141209-92.00-119.00-12;20141210-92.00-119.00-13;20141213-92.00-119.00-13;;;;;;;;;;;;;;;;;;;;;;;;;;;;;;;;;;;;;;;;;;;;;;;;;;;;;;;;;;;;;;;;;;;;;;;;;;;;;;;;;;;;;;;;;;;;;;;;;;;;;;;;;;;;;;;;;;;;;;;;;;;;;;;;;;;;;;;;;;;;;;;;;;;;;;;;;;;;;;;;;;;;;;;;;;;;;;;;;;;;;;;;;;;;;;;;;;;;;;;;;;;;;;;;;;;;;;;;;
LENOVO A319 cierna;20141204-89.63-96.04-3;20141212-92.48-95.84-2;20141213-90.00-95.97-3;;;;;;;;;;;;;;;;;;;;;;;;;;;;;;;;;;;;;;;;;;;;;;;;;;;;;;;;;;;;;;;;;;;;;;;;;;;;;;;;;;;;;;;;;;;;;;;;;;;;;;;;;;;;;;;;;;;;;;;;;;;;;;;;;;;;;;;;;;;;;;;;;;;;;;;;;;;;;;;;;;;;;;;;;;;;;;;;;;;;;;;;;;;;;;;;;;;;;;;;;;;;;;;;;;;;;;;;;;;;;;;;;;;;;;;;;;;;;;;;;;;;;;;;;;;;;;;;;;;;;;;;;;;;;;;;
SAMSUNG S6310 GALAXY Young strieborna;20130612-129.36-129.36-1;20130621-129.36-129.36-2;20130628-129.36-129.36-1;20130709-121.68-129.36-2;20130710-121.68-121.68-1;20130711-121.68-121.68-1;20130828-110.94-117.22-3;20130831-106.55-117.22-5;20130902-106.55-117.22-6;20130905-110.94-117.22-4;20130906-110.94-117.22-3;20131029-106.55-117.22-5;20131030-106.55-117.22-7;20131213-106.55-115.10-6;20140124-104.03-112.36-6;20140125-96.35-111.50-6;20140127-96.35-104.05-6;20140130-96.35-106.00-7;20140212-100.33-106.00-5;20140305-96.35-106.00-7;20140309-94.55-104.02-7;20140319-94.55-111.72-7;20140320-94.55-104.02-7;20140324-74.00-104.02-8;20140326-73.00-104.02-8;20140328-75.00-104.02-8;20140331-74.00-104.02-8;20140401-75.00-104.02-8;20140425-75.00-104.02-7;20140429-75.00-113.47-8;20140430-75.00-104.02-8;20140502-75.00-102.10-8;20140509-80.00-102.10-8;20140516-80.00-100.20-8;20140524-80.00-102.36-8;20140526-96.59-102.36-5;20140528-80.00-102.36-8;20140530-96.59-107.00-6;20140607-71.16-102.36-8;20140608-71.16-102.36-6;20140609-68.76-102.36-6;20140610-68.76-97.00-6;20140611-68.76-76.00-6;20140702-68.76-99.00-6;20140703-69.00-99.00-8;20140704-90.10-99.00-6;20140725-90.10-96.12-5;20140731-89.23-96.12-5;20140801-83.16-95.28-5;20140802-81.24-89.60-5;20140804-81.24-87.60-5;20140821-81.24-84.25-4;20140929-81.24-84.25-5;20141002-80.76-84.25-5;20141003-78.74-84.00-5;20141004-78.74-81.65-5;20141114-75.96-81.65-5;20141115-73.75-79.10-5;20141119-73.75-76.45-5;20141205-73.63-90.87-15;20141206-73.63-93.90-15;20141207-73.63-90.92-15;20141210-73.63-113.76-15;20141211-73.63-90.88-15;20141213-73.63-93.64-15;;;;;;;;;;;;;;;;;;;;;;;;;;;;;;;;;;;;;;;;;;;;;;;;;;;;;;;;;;;;;;;;;;;;;;;;;;;;;;;;;;;;;;;;;;;;;;;;;;;;;;;;;;;;;;;;;;;;;;;;;;;;;;;;;;;;;;;;;;;;;;;;;;;;;;;;;;;;;;;;;;;;;;;;;;;;;;;;;;;;;;;;;;;;;;;;;;;;;;;;;;;;;;;;;;